Key,Issue Type,Summary,Status,Created,Backlog,Cancelled,Code Review,Completed,Deployed to production,Done,Draft,In Development,In preprod testing,In Progress,In team environment testing,Open,PAUSED,Peer Review,Ready For Development,Ready for preprod testing,Ready for refinement,Ready For Release,Ready for sign-off,Ready for team environment testing,Ready for testing,Ready to deploy to production,Refinement,Refinement Ready,Released,Researching,Review Ready,Signed off,Sprint ready,Testing,To Do,TODO,Will Not Implement
EPA-2392,Story,ai-project-test1,To Do,2025-05-02 21:13,-,-,-,-,-,-,-,-,-,-,-,-,-,-,-,-,-,-,-,-,-,-,-,-,-,-,-,-,-,-,2h 27m,-,-
EPA-2391,Epic,ai project - epic2,To Do,2025-05-02 21:10,-,-,-,-,-,-,-,-,-,-,-,-,-,-,-,-,-,-,-,-,-,-,-,-,-,-,-,-,-,-,2h 30m,-,-
EPA-2389,Bug,AAR - Double Escaping on Disapproval reason,To Do,2025-05-02 16:34,-,-,-,-,-,-,-,-,-,-,-,-,-,-,-,-,-,-,-,-,-,-,-,-,-,-,-,-,-,-,7h 6m,-,-
EPA-2388,Sub-task,QA Team functional test,Completed,2025-05-02 12:00,-,-,-,8h 5m,-,-,-,-,-,-,-,-,-,-,-,-,-,-,-,-,-,-,-,-,-,-,-,-,-,3h 36m,0m,-,-
EPA-2387,Technical Story,FE: Request Smartling translations,To Do,2025-05-02 11:57,-,-,-,-,-,-,-,-,-,-,-,-,-,-,-,-,-,-,-,-,-,-,-,-,-,-,-,-,-,-,11h 43m,-,-
EPA-2386,Story,FE: Update place for static IDs to Bite Sized Insight Model,Signed off,2025-05-02 10:33,-,-,-,-,-,-,-,1h 16m,-,-,3h 35m,-,-,3m,-,-,-,-,38m,8m,-,-,-,-,-,-,-,7h 27m,-,-,0m,-,-
EPA-2385,Sub-task,QA Team functional test,To Do,2025-05-02 09:24,-,-,-,-,-,-,-,-,-,-,-,-,-,-,-,-,-,-,-,-,-,-,-,-,-,-,-,-,-,-,14h 16m,-,-
EPA-2384,Sub-task,Test case creation,To Do,2025-05-02 09:23,-,-,-,-,-,-,-,-,-,-,-,-,-,-,-,-,-,-,-,-,-,-,-,-,-,-,-,-,-,-,14h 17m,-,-
EPA-2383,Sub-task,QA Team functional test,To Do,2025-05-02 09:21,-,-,-,-,-,-,-,-,-,-,-,-,-,-,-,-,-,-,-,-,-,-,-,-,-,-,-,-,-,-,14h 19m,-,-
EPA-2382,Sub-task,Test case creation,In Progress,2025-05-02 09:21,-,-,-,-,-,-,-,-,-,14h 19m,-,-,-,-,-,-,-,-,-,-,-,-,-,-,-,-,-,-,-,-,0m,-,-
EPA-2381,Story,Disable Select all,To Do,2025-05-01 14:25,-,-,-,-,-,-,-,-,-,-,-,-,-,-,-,-,-,-,-,-,-,-,-,-,-,-,-,-,-,-,1d 9h 15m,-,-
EPA-2380,Epic,ai project Epic!,To Do,2025-05-01 03:34,-,-,-,-,-,-,-,-,-,-,-,-,-,-,-,-,-,-,-,-,-,-,-,-,-,-,-,-,-,-,1d 20h 6m,-,-
EPA-2379,Sub-task,UX review,Completed,2025-04-30 14:03,-,-,-,2d 9h 37m,-,-,-,-,-,-,-,-,-,-,-,-,-,-,-,-,-,-,-,-,-,-,-,-,-,-,0m,-,-
EPA-2378,Automation,FE Automation - Automate Create E2E Test,In Progress,2025-04-30 12:28,-,-,-,-,-,-,-,-,-,2d 11h 9m,-,-,-,-,-,-,-,-,-,-,-,-,-,-,-,-,-,-,-,-,3m,-,-
EPA-2377,Sub-task,FE - Automation Create Smoke Test,Completed,2025-04-30 12:27,-,-,-,2d 11h 13m,-,-,-,-,-,0m,-,-,-,-,-,-,-,-,-,-,-,-,-,-,-,-,-,-,-,-,0m,-,-
EPA-2376,Sub-task,QA Team functional test,Completed,2025-04-30 11:15,-,-,-,11h 42m,-,-,-,-,-,-,-,-,-,-,-,-,-,-,-,-,-,-,-,-,-,-,-,-,-,2d 0h 43m,0m,-,-
EPA-2375,Task,Integrate FE Automation Pipeline In FE Pipeline & Prepare it for the DEMO,To Do,2025-04-30 11:03,-,-,-,-,-,-,-,-,-,-,-,-,-,-,-,-,-,-,-,-,-,-,-,-,-,-,-,-,-,-,2d 12h 37m,-,-
EPA-2374,Story,IQ Snapshots - Text tweak,Ready for refinement,2025-04-30 10:55,-,-,-,-,-,-,-,-,-,-,-,-,-,-,-,-,2d 12h 45m,-,-,-,-,-,-,-,-,-,-,-,-,-,0m,-,-
EPA-2373,Sub-task,UX Review,Completed,2025-04-29 13:45,-,-,-,2d 8h 46m,-,-,-,-,-,-,-,-,-,-,-,-,-,-,-,-,-,-,-,-,-,-,-,-,-,-,1d 1h 9m,-,-
EPA-2372,Sub-task,UX Review,Completed,2025-04-29 13:44,-,-,-,2d 13h 16m,-,-,-,-,-,-,-,-,-,-,-,-,-,-,-,-,-,-,-,-,-,-,-,-,-,-,20h 40m,-,-
EPA-2371,Sub-task,QA Team functional test,Completed,2025-04-29 12:15,-,-,-,2d 12h 32m,-,-,-,-,-,-,-,-,-,-,-,-,-,-,-,-,-,-,-,-,-,-,-,-,-,22h 52m,0m,-,-
EPA-2370,Sub-task,Test case creation,Completed,2025-04-29 09:40,-,-,-,3d 13h 45m,-,-,-,-,-,15m,-,-,-,-,-,-,-,-,-,-,-,-,-,-,-,-,-,-,-,-,0m,-,-
EPA-2369,Story,Implement Cache Control Update in My Approvals MFE,Ready for refinement,2025-04-23 17:27,4d 19h 29m,-,-,-,-,-,-,-,-,-,-,-,-,-,-,-,2d 12h 34m,-,-,-,-,-,-,-,-,-,-,-,-,-,1d 22h 10m,-,-
EPA-2368,Sub-task,QA Team functional test,Completed,2025-04-28 09:34,-,-,-,3d 11h 50m,-,-,-,-,-,-,-,-,-,-,-,-,-,-,-,-,-,-,-,-,-,-,-,-,-,19h 34m,6h 42m,-,-
EPA-2367,Sub-task,QA Team functional test,Completed,2025-04-28 09:32,-,-,-,4d 7h 25m,-,-,-,-,-,-,-,-,-,-,-,-,-,-,-,-,-,-,-,-,-,-,-,-,-,6h 43m,0m,-,-
EPA-2366,Story,Pills - Award value colours,Deployed to production,2025-04-25 15:21,-,-,-,-,2d 2h 17m,-,-,2d 21h 45m,-,-,22h 51m,-,-,5m,-,-,-,-,2h 56m,22h 16m,-,-,-,-,-,-,-,7h 20m,-,-,49m,-,-
EPA-2365,Bug,FE: Unnecessary request for myApprovalsUI properties if person has no capability to approve,Peer Review,2025-04-25 14:07,-,-,-,-,-,-,-,22h 31m,-,-,-,-,-,3d 13h 0m,-,-,-,-,-,-,-,-,-,-,-,-,-,-,-,-,2d 22h 2m,-,-
EPA-2362,Story,FE: Remove feature flag,Signed off,2025-04-24 15:19,-,-,-,-,-,-,-,-,-,49m,2d 0h 43m,-,-,5d 17h 0m,-,-,-,-,2h 13m,2h 8m,-,-,-,-,-,-,-,9h 29m,-,-,0m,-,-
EPA-2361,Task,BE: create recognition service instance for crescendo team env,Completed,2025-04-24 08:54,-,-,-,1w 0d 14h 31m,-,-,-,1d 0h 0m,-,0m,-,-,-,-,-,-,-,-,-,-,-,-,-,-,-,-,-,-,-,-,15m,-,-
EPA-2360,Defect,UI Design,Completed,2025-04-23 09:43,-,-,-,1w 1d 8h 27m,-,-,-,-,-,19h 52m,-,-,-,5h 50m,-,-,-,-,-,-,-,-,-,-,-,-,-,-,-,-,3h 48m,-,-
EPA-2359,Sub-task,QA Team functional test,Completed,2025-04-22 16:29,-,-,-,1d 10h 4m,-,-,-,-,-,-,-,-,-,-,-,-,-,-,-,-,-,-,-,-,-,-,-,-,-,2h 34m,1w 1d 18h 33m,-,-
EPA-2358,Sub-task,Test case creation,Completed,2025-04-22 16:28,-,-,-,1d 12h 38m,-,-,-,-,-,5d 19h 42m,-,-,-,-,-,-,-,-,-,-,-,-,-,-,-,-,-,-,-,-,2d 22h 52m,-,-
EPA-2357,Sub-task,QA Team functional test,Completed,2025-04-22 16:27,-,-,-,1d 8h 34m,-,-,-,-,-,-,-,-,-,-,-,-,-,-,-,-,-,-,-,-,-,-,-,-,-,1h 25m,1w 1d 21h 13m,-,-
EPA-2356,Sub-task,Test case creation,Completed,2025-04-22 16:26,-,-,-,1w 2d 9h 30m,-,-,-,-,-,21h 44m,-,-,-,-,-,-,-,-,-,-,-,-,-,-,-,-,-,-,-,-,0m,-,-
EPA-2355,Task,FE: Increase test coverage for the project recognition-iq-ui-app,Completed,2025-04-22 14:51,-,-,-,6d 10h 34m,-,-,-,1d 0h 17m,-,27m,-,-,-,2d 3h 2m,-,-,-,-,-,-,-,-,-,-,-,-,-,-,-,-,18h 29m,-,-
EPA-2354,Sub-task,QA Team functional test,Completed,2025-04-22 13:32,-,-,-,1w 3d 8h 57m,-,-,-,-,-,-,-,-,-,-,-,-,-,-,-,-,-,-,-,-,-,-,-,-,-,1h 10m,1m,-,-
EPA-2353,Sub-task,Test case creation,Completed,2025-04-22 13:31,-,-,-,1w 3d 9h 56m,-,-,-,-,-,13m,-,-,-,-,-,-,-,-,-,-,-,-,-,-,-,-,-,-,-,-,0m,-,-
EPA-2352,Sub-task,QA Team functional test,Completed,2025-04-22 11:04,-,-,-,1w 3d 7h 18m,-,-,-,-,-,-,-,-,-,-,-,-,-,-,-,-,-,-,-,-,-,-,-,-,-,1h 52m,3h 26m,-,-
EPA-2351,Sub-task,Test case creation,Completed,2025-04-22 11:03,-,-,-,1w 3d 8h 36m,-,-,-,-,-,4h 1m,-,-,-,-,-,-,-,-,-,-,-,-,-,-,-,-,-,-,-,-,0m,-,-
EPA-2350,Story,Add heap tracking to approval side nav,Ready for refinement,2025-04-22 10:58,-,-,-,-,-,-,-,-,-,-,-,-,-,-,-,-,1w 3d 12h 40m,-,-,-,-,-,-,-,-,-,-,-,-,-,2m,-,-
EPA-2349,Story,Add heap tracking to approval Delegation,To Do,2025-04-22 10:57,-,-,-,-,-,-,-,-,-,-,-,-,-,-,-,-,-,-,-,-,-,-,-,-,-,-,-,-,-,-,1w 3d 12h 43m,-,-
EPA-2348,Story,Add heap tracking to Multi-Select/Approve,Ready For Development,2025-04-22 10:52,-,-,-,-,-,-,-,-,-,-,-,-,-,-,1w 3d 11h 53m,-,54m,-,-,-,-,-,-,-,-,-,-,-,-,-,0m,-,-
EPA-2347,Epic,Approval App - Heap Endpoints,Refinement,2025-04-22 10:47,-,-,-,-,-,-,-,-,-,-,-,-,-,-,-,-,-,-,-,-,-,-,1w 3d 7h 53m,-,-,-,-,-,-,-,5h 0m,-,-
EPA-2346,Story,Approval Card - Hide Approve/Disapprove and Multi-Select,In Development,2025-04-22 10:23,-,-,-,-,-,-,-,1d 9h 21m,-,-,-,-,-,-,1w 2d 2h 48m,-,27m,-,-,-,-,-,-,-,-,-,-,-,-,-,40m,-,-
EPA-2345,Sub-task,QA Team functional test,Completed,2025-04-18 13:44,-,-,-,1w 3d 11h 1m,-,-,-,-,-,-,-,-,-,-,-,-,-,-,-,-,-,-,-,-,-,-,-,-,-,3h 9m,3d 19h 46m,-,-
EPA-2344,Sub-task,Test case creation,Completed,2025-04-18 13:44,-,-,-,1w 3d 14h 10m,-,-,-,-,-,3d 19h 45m,-,-,-,-,-,-,-,-,-,-,-,-,-,-,-,-,-,-,-,-,2m,-,-
EPA-2343,Technical Story,BE: Support QA Jenkins migration,Deployed to production,2025-04-18 10:15,-,-,-,-,6d 10h 53m,-,-,3d 23h 5m,-,-,-,-,-,-,-,-,-,-,-,-,-,-,-,-,-,-,-,5h 34m,-,-,3d 21h 54m,-,-
EPA-2342,Sub-task,UX Review,Completed,2025-04-17 16:42,-,-,-,1w 2d 13h 54m,-,-,-,-,-,-,-,-,-,-,-,-,-,-,-,-,-,-,-,-,-,-,-,-,-,-,5d 17h 4m,-,-
EPA-2341,Sub-task,UX Review,Completed,2025-04-17 16:41,-,-,-,1w 1d 8h 19m,-,-,-,-,-,1d 2h 20m,-,-,-,-,-,-,-,-,-,-,-,-,-,-,-,-,-,-,-,-,5d 20h 20m,-,-
EPA-2340,Sub-task,UX Review,Completed,2025-04-17 16:41,-,-,-,1w 2d 14h 11m,-,-,-,-,-,-,-,-,-,-,-,-,-,-,-,-,-,-,-,-,-,-,-,-,-,-,5d 16h 48m,-,-
EPA-2339,Sub-task,UX review,Completed,2025-04-17 16:41,-,-,-,12h 37m,-,-,-,-,-,-,-,-,-,-,-,-,-,-,-,-,-,-,-,-,-,-,-,-,-,-,2w 0d 18h 23m,-,-
EPA-2338,Sub-task,UX Review,To Do,2025-04-17 16:40,-,-,-,-,-,-,-,-,-,-,-,-,-,-,-,-,-,-,-,-,-,-,-,-,-,-,-,-,-,-,2w 1d 6h 59m,-,-
EPA-2337,Sub-task,UX Review,Completed,2025-04-17 16:40,-,-,-,1w 2d 14h 14m,-,-,-,-,-,-,-,-,-,-,-,-,-,-,-,-,-,-,-,-,-,-,-,-,-,-,5d 16h 46m,-,-
EPA-2336,Sub-task,UX Review,To Do,2025-04-17 16:40,-,-,-,-,-,-,-,-,-,-,-,-,-,-,-,-,-,-,-,-,-,-,-,-,-,-,-,-,-,-,2w 1d 7h 0m,-,-
EPA-2335,Sub-task,UX Review,Completed,2025-04-17 16:39,-,-,-,1d 9h 19m,-,-,-,-,-,-,-,-,-,-,-,-,-,-,-,-,-,-,-,-,-,-,-,-,-,-,1w 6d 21h 42m,-,-
EPA-2334,Sub-task,Test case creation,Completed,2025-04-17 14:21,-,-,-,2w 0d 11h 25m,-,-,-,-,-,21h 54m,-,-,-,-,-,-,-,-,-,-,-,-,-,-,-,-,-,-,-,-,0m,-,-
EPA-2333,Sub-task,UX Review,To Do,2025-04-17 13:48,-,-,-,-,-,-,-,-,-,-,-,-,-,-,-,-,-,-,-,-,-,-,-,-,-,-,-,-,-,-,2w 1d 9h 52m,-,-
EPA-2332,Sub-task,UX Review,Completed,2025-04-17 13:47,-,-,-,2d 8h 50m,-,-,-,-,-,-,-,-,-,-,-,-,-,-,-,-,-,-,-,-,-,-,-,-,-,-,1w 6d 1h 2m,-,-
EPA-2331,Sub-task,UX Review,Completed,2025-04-17 13:29,-,-,-,2w 1d 9h 25m,-,-,-,-,-,-,-,-,-,-,-,-,-,-,-,-,-,-,-,-,-,-,-,-,-,-,46m,-,-
EPA-2330,Sub-task,UX Review - Bruno,To Do,2025-04-17 11:16,-,-,-,-,-,-,-,-,-,-,-,-,-,-,-,-,-,-,-,-,-,-,-,-,-,-,-,-,-,-,2w 1d 12h 24m,-,-
EPA-2329,Sub-task,QA Team functional test,Completed,2025-04-17 11:13,-,-,-,6h 29m,-,-,-,-,-,-,-,-,-,-,-,-,-,-,-,-,-,-,-,-,-,-,-,-,-,2d 3h 32m,1w 6d 2h 26m,-,-
EPA-2328,Sub-task,Test case creation,Completed,2025-04-17 11:12,-,-,-,1w 3d 9h 56m,-,-,-,-,-,4d 21h 56m,-,-,-,-,-,-,-,-,-,-,-,-,-,-,-,-,-,-,-,-,4h 36m,-,-
EPA-2327,Sub-task,UX Review - Bruno,To Do,2025-04-17 11:12,-,-,-,-,-,-,-,-,-,-,-,-,-,-,-,-,-,-,-,-,-,-,-,-,-,-,-,-,-,-,2w 1d 12h 28m,-,-
EPA-2326,Sub-task,UX Review - Bruno,Completed,2025-04-17 11:10,-,-,-,2d 13h 13m,-,-,-,-,-,-,-,-,-,-,-,-,-,-,-,-,-,-,-,-,-,-,-,-,-,-,1w 5d 23h 17m,-,-
EPA-2325,Sub-task,QA Team functional test,Completed,2025-04-17 11:07,-,-,-,1w 1d 12h 56m,-,-,-,-,-,-,-,-,-,-,-,-,-,-,-,-,-,-,-,-,-,-,-,-,-,20h 16m,6d 3h 21m,-,-
EPA-2324,Sub-task,FE - Automation E2E UI Test automation,In Progress,2025-04-17 10:52,-,-,-,-,-,-,-,-,-,3d 9h 6m,-,-,-,-,-,-,-,-,-,-,-,-,-,-,-,-,-,-,-,-,1w 5d 3h 42m,-,-
EPA-2323,Sub-task,FE - Automation Test Data Seeding,In Progress,2025-04-17 10:41,-,-,-,-,-,-,-,-,-,3d 9h 6m,-,-,-,-,-,-,-,-,-,-,-,-,-,-,-,-,-,-,-,-,1w 5d 3h 53m,-,-
EPA-2322,Sub-task,FE - Automation User Authorization & Authentication,Completed,2025-04-17 10:41,-,-,-,3d 9h 6m,-,-,-,-,-,6d 3h 29m,-,-,-,-,-,-,-,-,-,-,-,-,-,-,-,-,-,-,-,0m,6d 0h 24m,-,-
EPA-2321,Automation,FE Automation - Automate Create Smoke test,Completed,2025-04-17 10:34,-,-,-,2d 11h 9m,-,-,-,-,-,1w 5d 22h 36m,-,-,-,-,-,-,-,-,-,-,-,-,-,-,-,-,-,-,-,-,3h 21m,-,-
EPA-2320,Sub-task,UX Review - Bruno,Completed,2025-04-17 10:09,-,-,-,1w 2d 14h 15m,-,-,-,-,-,-,-,-,-,-,-,-,-,-,-,-,-,-,-,-,-,-,-,-,-,-,5d 23h 16m,-,-
EPA-2319,Sub-task,UX Review - Bruno,Completed,2025-04-16 12:58,-,-,-,2w 2d 8h 49m,-,-,-,-,-,3m,-,-,-,-,-,-,-,-,-,-,-,-,-,-,-,-,-,-,-,-,1h 50m,-,-
EPA-2318,Sub-task,QA Team functional test,Completed,2025-04-16 12:57,-,-,-,2w 2d 10h 12m,-,-,-,-,-,0m,-,-,-,-,-,-,-,-,-,-,-,-,-,-,-,-,-,-,-,27m,3m,-,-
EPA-2317,Spike,BE- Investigate what is required to implement Control Panel,To Do,2025-04-16 12:03,-,-,-,-,-,-,-,-,-,-,-,-,-,-,-,-,-,-,-,-,-,-,-,-,-,-,-,-,-,-,2w 2d 11h 37m,-,-
EPA-2316,Epic,Crescendo - Client Configuration (Approvals),To Do,2025-04-16 11:49,-,-,-,-,-,-,-,-,-,-,-,-,-,-,-,-,-,-,-,-,-,-,-,-,-,-,-,-,-,-,2w 2d 11h 51m,-,-
EPA-2315,Story,Test and release fraud-service-parent (Cognito changes),Deployed to production,2025-04-15 14:15,-,-,-,-,2d 13h 16m,-,-,2d 5h 50m,5m,-,0m,-,-,-,4d 21h 59m,-,2m,-,-,-,-,5d 0h 32m,-,-,-,-,-,19h 15m,-,-,1d 20h 24m,-,-
EPA-2314,Task,FE: Release stories from Sprint 8,Completed,2025-04-15 10:35,-,-,-,6d 10h 30m,-,-,-,1w 0d 22h 4m,-,1m,-,-,-,-,3d 4h 30m,-,-,-,-,-,-,-,-,-,-,-,-,-,-,-,0m,-,-
EPA-2313,Bug,FE:AXI - LightBox - placeholder text gets partially hidden,Ready For Development,2025-04-15 10:21,-,-,-,-,-,-,-,-,-,-,-,-,-,-,2d 12h 34m,-,-,-,-,-,-,-,-,-,-,-,-,-,-,-,2w 1d 0h 46m,-,-
EPA-2312,Sub-task,QA Team functional test,Completed,2025-04-14 15:11,-,-,-,1w 0d 8h 20m,-,-,-,-,-,-,-,-,-,-,-,-,-,-,-,-,-,-,-,-,-,-,-,-,-,1d 4h 23m,1w 2d 19h 46m,-,-
EPA-2311,Sub-task,Test case creation,Completed,2025-04-14 15:10,-,-,-,2w 1d 9h 18m,-,-,-,-,-,2d 23h 11m,-,-,-,-,-,-,-,-,-,-,-,-,-,-,-,-,-,-,-,-,0m,-,-
EPA-2310,Story,FE: Request Smartling translations 2.0,Ready For Development,2025-04-14 11:36,-,-,-,-,-,-,-,-,-,-,-,-,-,-,2w 2d 12h 11m,-,-,-,-,-,-,-,-,-,-,-,-,-,-,-,1d 23h 53m,-,-
EPA-2309,Technical Story,Optimize approval chain computation for existing recognitions in approval-service,Ready For Development,2025-04-14 10:36,-,-,-,-,-,-,-,-,-,-,-,-,-,-,2w 1d 12h 51m,-,5m,-,-,-,-,-,-,-,-,-,-,-,-,-,3d 0h 8m,-,-
EPA-2308,Technical Story,Optimize approval chain computation for new and existing recognitions in monolith,Ready For Development,2025-04-14 10:35,-,-,-,-,-,-,-,-,-,-,-,-,-,-,2w 1d 12h 51m,-,5m,-,-,-,-,-,-,-,-,-,-,-,-,-,3d 0h 9m,-,-
EPA-2307,Task,Change award-delivered-event-sender Splunk alerts schedules,Done,2025-04-14 10:27,-,-,-,-,-,2w 4d 12h 57m,-,15m,-,-,-,-,-,-,-,-,-,-,-,-,-,-,-,-,-,-,-,-,-,-,1m,-,-
EPA-2306,Technical Story,Use app specific Oracle DB users in my-approvals-channel,Ready For Development,2025-04-14 08:39,-,-,-,-,-,-,-,-,-,-,-,-,-,-,2d 12h 2m,-,1w 0d 23h 40m,-,-,-,-,-,-,-,-,-,-,-,-,-,1w 1d 3h 19m,-,-
EPA-2305,Technical Story,Use app specific Oracle DB users in approval-service,Ready For Development,2025-04-14 08:38,-,-,-,-,-,-,-,-,-,-,-,-,-,-,2d 12h 2m,-,1w 0d 23h 40m,-,-,-,-,-,-,-,-,-,-,-,-,-,1w 1d 3h 20m,-,-
EPA-2304,Story,Update Approval Side Nav Counter: Include Delegate Approval Awards in Pending Count,Will Not Implement,2025-04-11 15:43,-,-,-,-,-,-,-,-,-,-,-,-,-,-,-,-,1w 4d 18h 9m,-,-,0m,-,-,-,-,-,-,-,-,-,-,1h 10m,-,1w 2d 12h 38m
EPA-2303,Bug,Connection strength STATUS issue,Deployed to production,2025-04-10 16:02,-,-,-,-,2w 2d 5h 27m,-,-,2d 8h 10m,0m,-,0m,-,-,-,-,-,-,-,-,-,-,6m,-,-,-,-,-,-,-,-,3d 17h 55m,-,-
EPA-2302,Defect,UI Design,Completed,2025-04-10 09:57,-,-,-,3w 1d 6h 46m,-,-,-,-,-,2h 37m,-,-,-,-,-,-,-,-,-,-,-,-,-,-,-,-,-,-,-,-,4h 19m,-,-
EPA-2301,Story,BE: Other Recipients Metadata - Amount,In Development,2025-04-10 09:24,-,-,-,-,-,-,-,11h 18m,-,-,-,-,-,-,2w 2d 0h 53m,-,-,-,-,-,-,-,-,-,-,-,-,-,-,-,6d 2h 5m,-,-
EPA-2300,Defect,UI Design,Will Not Implement,2025-04-09 15:25,-,-,-,-,-,-,-,-,-,2h 36m,-,-,-,-,-,-,-,-,-,-,-,-,-,-,-,-,-,-,-,-,22h 53m,-,3w 1d 6h 46m
EPA-2299,Sub-task,QA Team Functional test,Completed,2025-04-09 10:33,-,-,-,3w 2d 10h 48m,-,-,-,-,-,1m,-,-,-,-,-,-,-,-,-,-,-,-,-,-,-,-,-,-,-,2h 19m,0m,-,-
EPA-2298,Technical Story,FE: Release stories from Sprint 7,Deployed to production,2025-04-09 10:23,-,-,-,-,2w 1d 6h 43m,-,-,1w 1d 6h 15m,18m,-,-,-,-,-,-,-,-,-,-,-,-,-,-,-,-,-,-,-,-,-,0m,-,-
EPA-2297,Bug,Notification levels issue,Deployed to production,2025-04-08 12:31,-,-,-,-,2d 2h 16m,-,-,2d 0h 22m,-,-,1h 18m,-,-,6d 23h 35m,-,-,-,-,48m,28m,-,-,-,-,-,-,-,1w 0d 9h 13m,-,-,5d 21h 7m,-,-
EPA-2296,Sub-task,QA Team functional test,Completed,2025-04-07 09:55,-,-,-,2w 3d 6h 48m,-,-,-,-,-,-,-,-,-,-,-,-,-,-,-,-,-,-,-,-,-,-,-,-,-,7h 29m,1w 0d 23h 28m,-,-
EPA-2295,Sub-task,Test case creation,Completed,2025-04-07 09:55,-,-,-,2w 4d 14h 32m,-,-,-,-,-,6d 21h 16m,-,-,-,-,-,-,-,-,-,-,-,-,-,-,-,-,-,-,-,-,1h 57m,-,-
EPA-2294,Technical Story,Update my-approvals-channel to Java 21,To Do,2025-04-04 11:14,-,-,-,-,-,-,-,-,-,-,-,-,-,-,-,-,-,-,-,-,-,-,-,-,-,-,-,-,-,-,4w 0d 12h 26m,-,-
EPA-2293,Technical Story,Update approval-service to Java 21,To Do,2025-04-04 11:13,-,-,-,-,-,-,-,-,-,-,-,-,-,-,-,-,-,-,-,-,-,-,-,-,-,-,-,-,-,-,4w 0d 12h 26m,-,-
EPA-2292,Story,Approvals - Page Title update,Ready for refinement,2025-04-04 09:49,-,-,-,-,-,-,-,-,-,-,-,-,-,-,-,-,4w 0d 13h 51m,-,-,-,-,-,-,-,-,-,-,-,-,-,0m,-,-
EPA-2291,Story,FE: Add static IDs to Bite Sized Insight Model,Deployed to production,2025-04-04 09:31,-,-,-,-,2d 2h 16m,-,-,0m,-,-,21h 17m,-,-,1w 0d 23h 22m,1w 4d 4h 27m,-,4m,-,5d 23h 43m,-,-,-,-,-,-,-,-,10h 57m,-,-,4m,-,-
EPA-2290,Technical Story,Update GitLab pipelines to V3,To Do,2025-04-04 08:08,-,-,-,-,-,-,-,-,-,-,-,-,-,-,-,-,-,-,-,-,-,-,-,-,-,-,-,-,-,-,4w 0d 15h 32m,-,-
EPA-2289,Sub-task,Test case creation,Completed,2025-04-03 14:47,-,-,-,4w 0d 11h 21m,-,-,-,-,-,21h 32m,-,-,-,-,-,-,-,-,-,-,-,-,-,-,-,-,-,-,-,-,0m,-,-
EPA-2288,Epic,Crescendo - Phase 2 bugs/tasks,To Do,2025-04-03 09:53,-,-,-,-,-,-,-,-,-,-,-,-,-,-,-,-,-,-,-,-,-,-,-,-,-,-,-,-,-,-,4w 1d 13h 47m,-,-
EPA-2287,Story,Success confirmation X/Close option,To Do,2025-04-02 17:16,-,-,-,-,-,-,-,-,-,-,-,-,-,-,-,-,-,-,-,-,-,-,-,-,-,-,-,-,-,-,4w 2d 6h 24m,-,-
EPA-2286,Story,FE - Change Privacy - Error message,Deployed to production,2025-04-02 16:57,-,-,-,-,2d 2h 16m,-,-,1d 3h 45m,-,-,1h 53m,-,-,7m,2w 0d 4h 32m,-,-,-,20h 39m,3d 23h 25m,-,-,-,-,-,-,-,6d 4h 40m,-,-,1d 17h 26m,-,-
EPA-2285,Story,Disapproval confirmation screen changes,Signed off,2025-04-02 16:53,-,-,-,-,-,-,-,4d 0h 34m,0m,-,1h 25m,-,-,4d 22h 14m,2w 3d 5h 41m,-,4m,-,19h 59m,22h 46m,-,-,-,-,-,-,-,12h 36m,-,-,1d 17h 28m,-,-
EPA-2284,Story,Disapproval Reason Model,Signed off,2025-04-02 16:41,-,-,-,-,-,-,-,3h 17m,-,-,19h 34m,-,-,0m,-,-,3w 1d 1h 1m,-,1d 3h 5m,2d 1h 38m,-,-,-,-,-,-,-,2d 8h 46m,-,-,1d 17h 38m,-,-
EPA-2283,Story,Approval Lightbox - fix gap between buttons/chain,Ready for refinement,2025-04-02 16:27,-,-,-,-,-,-,-,-,-,-,-,-,-,-,-,-,4w 0d 13h 23m,-,-,-,-,-,-,-,-,-,-,-,-,-,1d 17h 50m,-,-
EPA-2282,Story,Approval Lightbox - scrollbar hidden when not needed,Ready For Development,2025-04-02 16:26,-,-,-,-,-,-,-,-,-,-,-,-,-,-,4w 0d 13h 16m,-,18m,-,-,-,-,-,-,-,-,-,-,-,-,-,1d 17h 39m,-,-
EPA-2281,Story,FE - Approval Lightbox - Change privacy,Deployed to production,2025-04-02 16:25,-,-,-,-,2d 12h 7m,-,-,33m,-,-,3h 9m,-,-,1m,2w 0d 3h 30m,-,-,-,20h 50m,3d 19h 21m,-,-,-,-,-,-,-,1w 0d 2h 4m,-,-,1d 17h 39m,-,-
EPA-2280,Story,FE- Approval Chain - update to use sentence case,Deployed to production,2025-04-02 16:24,-,-,-,-,2d 12h 9m,-,-,5m,-,-,1h 19m,-,-,23m,2w 0d 5h 15m,-,-,-,18h 44m,3d 21h 39m,-,-,-,-,-,-,-,1w 0d 2h 4m,-,-,1d 17h 38m,-,-
EPA-2279,Story,Approval Card - Fix loading states on approval application,In Development,2025-04-02 16:23,-,-,-,-,-,-,-,10h 23m,-,-,-,-,-,0m,3w 3d 3h 2m,-,4d 0h 42m,-,-,0m,-,-,-,-,-,-,-,-,-,-,1d 17h 9m,-,-
EPA-2278,Story,Approval Card - Pagination hidden when less than lowest pagination option,Signed off,2025-04-02 16:19,-,-,-,-,-,-,-,2d 23h 7m,-,-,2h 21m,-,-,5d 23h 40m,2w 3d 4h 51m,-,26m,-,45m,21h 38m,-,-,-,-,-,-,-,1d 9h 19m,-,-,1d 17h 13m,-,-
EPA-2277,Story,Approval Card - Add link to Nominator Profile,Peer Review,2025-04-02 16:15,-,-,-,-,-,-,-,1w 0d 23h 5m,-,-,-,-,-,10h 38m,2w 6d 4h 2m,-,24m,-,-,-,-,-,-,-,-,-,-,-,-,-,1d 17h 16m,-,-
EPA-2276,Story,FE: Approvals App - Title Change,Ready for sign-off,2025-04-02 16:12,-,-,-,-,-,-,-,3d 2h 37m,-,-,4h 5m,-,-,1d 0h 19m,3w 3d 0h 22m,-,23m,-,6h 29m,-,-,-,-,-,-,-,-,-,-,-,1d 17h 13m,-,-
EPA-2275,Sub-task,QA Team functional test,Completed,2025-04-02 14:36,-,-,-,4w 0d 9h 51m,-,-,-,-,-,1d 3h 0m,-,-,-,-,-,-,-,-,-,-,-,-,-,-,-,-,-,-,-,-,20h 13m,-,-
EPA-2274,Sub-task,UX Review - Bruno,Completed,2025-04-02 12:38,-,-,-,2w 1d 6h 37m,-,-,-,-,-,1w 1d 1h 41m,-,-,-,-,-,-,-,-,-,-,-,-,-,-,-,-,-,-,-,-,1w 0d 2h 44m,-,-
EPA-2273,Technical Story,Investigate use of new cache library,Ready For Development,2025-04-02 10:38,-,-,-,-,-,-,-,-,-,-,-,-,-,-,2d 12h 23m,-,4w 0d 0h 37m,-,-,-,-,-,-,-,-,-,-,-,-,-,2m,-,-
EPA-2272,Technical Story,Approvals - Descrease cache time,Deployed to production,2025-04-02 10:36,-,-,-,-,1w 0d 10h 25m,-,-,4h 41m,9m,-,21h 31m,-,-,-,2w 6d 19h 13m,-,-,-,-,-,-,0m,-,-,-,-,-,1h 1m,-,-,1d 4h 3m,-,-
EPA-2271,Story,"FE: Call Business API instead of Channel API (approval, disapproval)",Deployed to production,2025-04-01 12:39,-,-,-,-,2w 3d 10h 11m,-,-,3d 22h 56m,-,-,2h 18m,-,-,1d 4h 21m,21h 9m,-,-,-,18h 36m,21h 13m,-,-,-,-,-,-,-,5d 6h 2m,-,-,1d 0h 15m,-,-
EPA-2270,Story,BE: Remove endpoint from Approval Channel API,Deployed to production,2025-04-01 12:35,-,-,-,-,1w 0d 10h 25m,-,-,4h 35m,9m,-,21h 31m,-,-,-,3w 0d 23h 28m,-,-,-,-,-,-,0m,-,-,-,-,-,1h 1m,-,-,21h 54m,-,-
EPA-2269,Sub-task,QA Team functional test,Completed,2025-04-01 11:42,-,-,-,4w 1d 6h 37m,-,-,-,-,-,1d 2h 29m,-,-,-,-,-,-,-,-,-,-,-,-,-,-,-,-,-,-,-,-,1d 2h 52m,-,-
EPA-2268,Sub-task,Test case creation,Completed,2025-04-01 11:41,-,-,-,4w 2d 7h 55m,-,-,-,-,-,1d 4h 4m,-,-,-,-,-,-,-,-,-,-,-,-,-,-,-,-,-,-,-,-,0m,-,-
EPA-2267,Epic,Approval Comments - Technical Redesign,Researching,2025-04-01 11:31,-,-,-,-,-,-,-,-,-,-,-,-,-,-,-,-,-,-,-,-,-,-,-,-,-,4w 1d 13h 41m,-,-,-,-,1d 22h 28m,-,-
EPA-2266,Story,BE: Add cache flush endpoint ,Deployed to production,2025-04-01 09:19,-,-,-,-,2w 4d 13h 10m,-,-,1w 0d 2h 26m,50m,-,2d 22h 23m,-,-,-,18h 12m,-,-,-,-,-,-,0m,-,-,-,-,-,-,-,-,2d 5h 20m,-,-
EPA-2265,Sub-task,QA Team functional test,Completed,2025-03-31 18:05,-,-,-,1M 0w 1d 12h 29m,-,-,-,-,-,17h 5m,-,-,-,-,-,-,-,-,-,-,-,-,-,-,-,-,-,-,-,-,0m,-,-
EPA-2264,Sub-task,Test case creation,Completed,2025-03-31 18:05,-,-,-,1M 0w 2d 5h 35m,-,-,-,-,-,-,-,-,-,-,-,-,-,-,-,-,-,-,-,-,-,-,-,-,-,-,0m,-,-
EPA-2263,Spike,Investigate the Maximum Performance Assessment for Approvals,Completed,2025-03-31 14:46,-,-,-,2w 4d 13h 1m,-,-,-,-,-,1w 4d 19h 41m,-,-,-,-,-,-,-,-,-,-,-,-,-,-,-,-,-,-,-,-,2d 0h 13m,-,-
EPA-2262,Spike,FE Automation Scope Definition ,Completed,2025-03-31 11:11,-,-,-,2w 2d 13h 37m,-,-,-,-,-,1w 0d 22h 43m,-,-,-,-,-,-,-,-,-,-,-,-,-,-,-,-,-,-,-,-,1w 1d 0h 9m,-,-
EPA-2261,Bug,BE: Delegator's pending tickets count is incorrect,Deployed to production,2025-03-29 12:45,-,-,-,-,3w 3d 12h 32m,-,-,0m,1h 19m,-,2d 21h 43m,-,-,-,15m,-,-,-,22h 17m,22h 55m,-,0m,-,-,-,-,-,-,-,-,5d 0h 53m,-,-
EPA-2259,Bug,[Onboarding Blocker] Any Delegate cannot access My Teams or My Approvals in the side nav,Deployed to production,2025-03-28 15:14,-,-,-,-,4w 2d 8h 12m,-,-,-,-,-,-,-,-,-,-,-,-,-,-,-,-,-,-,-,-,-,-,-,-,-,4d 23h 13m,-,-
EPA-2258,Epic,Approvals - Phase 1&2 design tweaks,In Progress,2025-03-28 11:46,-,-,-,-,-,-,-,-,-,2w 2d 7h 14m,-,-,-,-,-,-,-,-,-,-,-,-,-,-,-,1w 6d 6h 34m,-,-,-,-,5d 21h 6m,-,-
EPA-2257,Story,BE: add createdDateTime field to Recognition Service endpoint (for Orion),Deployed to production,2025-03-27 13:42,-,-,-,-,1M 0w 0d 11h 11m,-,-,2d 3h 5m,-,-,-,-,-,-,-,-,-,-,-,-,-,-,-,-,-,-,-,-,-,-,3d 18h 43m,-,-
EPA-2256,Story,(FE) Update Skills Chart - New Designs,Ready for sign-off,2025-03-26 17:28,-,-,-,-,-,-,-,2w 0d 5h 50m,-,-,1d 0h 46m,-,-,2d 19h 1m,1w 2d 19h 42m,-,21m,-,1w 0d 8h 21m,4h 43m,-,-,-,-,-,-,-,-,-,-,1d 18h 27m,-,-
EPA-2255,Spike,BE - Investigate Spend Cap Alerts,Completed,2025-03-26 15:00,-,-,-,6d 9h 9m,-,-,-,-,-,5h 36m,-,-,-,-,-,-,-,-,-,-,-,-,-,-,-,-,-,-,-,-,1M 0w 0d 16h 55m,-,-
EPA-2254,Sub-task,Major Release: Regression Testing - 29th Mar 2025- Manual ,Completed,2025-03-26 12:54,-,-,-,1M 0w 2d 12h 28m,-,-,-,-,-,4d 21h 18m,-,-,-,-,-,-,-,-,-,-,-,-,-,-,-,-,-,-,-,-,0m,-,-
EPA-2253,Sub-task,Create translation properties on DB,Completed,2025-03-26 11:00,-,-,-,3w 4d 11h 29m,-,-,-,-,-,1w 0d 20h 22m,-,-,-,-,-,-,-,-,-,-,-,-,-,-,-,-,-,-,-,4d 3h 49m,0m,-,-
EPA-2252,Task,Test Automation tool-Coduit review,Completed,2025-03-26 08:17,-,-,-,1M 0w 1d 11h 21m,-,-,-,-,-,6d 3h 0m,-,-,-,-,-,-,-,-,-,-,-,-,-,-,-,-,-,-,-,-,1m,-,-
EPA-2250,Bug,"""My Approval"" error is registered in UI in performance env",Will Not Implement,2025-03-25 15:28,-,-,-,-,-,-,-,-,-,-,-,-,-,-,-,-,-,-,-,-,-,6m,-,-,-,-,-,-,-,-,1w 0d 18h 23m,-,1M 0w 0d 12h 44m
EPA-2249,Bug,Award Approvals Showing encoded ampersand,Will Not Implement,2025-02-11 16:17,-,-,-,-,-,-,-,-,-,-,-,-,-,-,-,-,-,-,-,-,-,-,-,-,-,-,-,-,-,-,1M 2w 4d 18h 8m,-,1M 0w 1d 12h 15m
EPA-2248,Sub-task,QA Team functional test:,Completed,2025-03-24 14:31,-,-,-,3w 2d 13h 38m,-,-,-,-,-,-,-,-,-,-,-,-,-,-,-,-,-,-,-,-,-,-,-,-,-,1d 0h 6m,2w 0d 18h 26m,-,-
EPA-2247,Sub-task,Test case creation,Completed,2025-03-24 14:30,-,-,-,1M 1w 0d 11h 48m,-,-,-,-,-,1d 20h 22m,-,-,-,-,-,-,-,-,-,-,-,-,-,-,-,-,-,-,-,-,0m,-,-
EPA-2246,Story,Approval Card - Update fraud pill ,To Do,2025-03-24 12:06,-,-,-,-,-,-,-,-,-,-,-,-,-,-,-,-,-,-,-,-,-,-,-,-,-,-,-,-,-,-,1M 1w 2d 10h 34m,-,-
EPA-2245,Technical Story,Fix Open API Catalog for approval-service,Deployed to production,2025-03-24 08:59,-,-,-,-,1M 0w 5d 8h 10m,-,-,1d 5h 26m,-,-,-,-,-,-,-,-,-,-,-,-,-,-,-,-,-,-,-,3d 0h 4m,-,-,0m,-,-
EPA-2244,Bug,LightBox - Approval Chain: Last Users not visible and no scroll element is present on the bigger font ,Deployed to production,2025-03-21 12:14,-,-,-,-,2d 2h 16m,-,-,-,-,-,1d 1h 34m,-,-,-,3w 0d 2h 41m,-,-,-,5d 23h 45m,-,-,-,-,-,-,-,-,6h 34m,-,-,1w 4d 21h 36m,-,-
EPA-2243,Spike,FE Automation Project Requirements & Architecture research ,Completed,2025-03-20 14:16,-,-,-,4w 0d 7h 6m,-,-,-,-,-,2w 0d 6h 31m,-,-,-,-,-,-,-,-,-,-,-,-,-,-,-,-,-,-,-,-,18h 47m,-,-
EPA-2242,Technical Story,"BE: Expose Business API with GW (approval, disapproval)",Deployed to production,2025-03-20 13:21,-,-,-,-,3w 3d 12h 32m,-,-,18h 21m,1h 20m,-,-,-,-,-,1w 3d 2h 21m,-,3d 22h 11m,-,-,4d 0h 33m,-,0m,-,-,-,-,-,-,-,-,0m,-,-
EPA-2241,Sub-task,[FE] Add text properties to the my-approvals-ui app,Completed,2025-03-20 08:51,-,-,-,2w 3d 13h 47m,-,-,-,-,-,2w 1d 0h 20m,-,-,-,-,-,-,-,-,-,-,-,-,-,-,-,-,-,-,-,-,1w 3d 23h 42m,-,-
EPA-2240,Story,FE - [ENG] Create English props for Connections Strength,Deployed to production,2025-03-19 14:15,-,-,-,-,2w 1d 6h 44m,-,-,4d 3h 45m,-,18h 34m,21h 17m,-,-,1w 4d 23h 46m,1w 2d 20h 36m,-,-,-,3h 0m,6h 12m,-,2m,-,-,-,-,-,1d 0h 28m,-,-,0m,-,-
EPA-2239,Sub-task,Conn strength testing,Completed,2025-03-19 13:51,-,-,-,1M 2w 0d 7h 44m,-,-,-,-,-,-,-,-,-,-,-,-,-,-,-,-,-,-,-,-,-,-,-,-,-,52m,12m,-,-
EPA-2238,Bug,"(Onboarding Blocker) ProdSandbox - The ""My Approvals"" page is not accessible",Deployed to production,2025-03-19 12:17,-,-,-,-,1M 1w 6d 9h 18m,-,-,-,-,-,-,-,-,-,-,-,-,-,-,-,-,-,-,-,-,-,-,-,-,-,1d 1h 6m,-,-
EPA-2236,Technical Story,FE Automation Project Pipeline creation in Gitlab,Will Not Implement,2025-03-19 08:24,-,-,-,-,-,-,-,-,-,-,-,-,-,-,-,-,-,-,-,-,-,-,-,-,-,-,-,-,-,-,2w 0d 1h 5m,-,1M 0w 0d 13h 11m
EPA-2235,Task,FE Automation Project Pipeline creation in Gitlab,Completed,2025-03-19 07:41,-,-,-,2w 1d 12h 53m,-,-,-,1w 2d 23h 43m,-,2m,-,-,-,-,2w 2d 21h 31m,-,-,-,-,-,-,-,-,-,-,-,-,-,-,-,2d 4h 50m,-,-
EPA-2234,Sub-task,Architecture overview,Completed,2025-03-19 07:40,-,-,-,2w 2d 13h 36m,-,-,-,-,-,4d 22h 14m,-,-,-,-,-,-,-,-,-,-,-,-,-,-,-,-,-,-,-,-,3w 2d 3h 9m,-,-
EPA-2233,Sub-task,BE Flow review,Completed,2025-03-19 07:40,-,-,-,2w 2d 13h 36m,-,-,-,-,-,4d 22h 14m,-,-,-,-,-,-,-,-,-,-,-,-,-,-,-,-,-,-,-,-,3w 2d 3h 10m,-,-
EPA-2232,Sub-task,FE Flow review ,Completed,2025-03-19 07:40,-,-,-,2w 2d 13h 36m,-,-,-,-,-,4d 22h 14m,-,-,-,-,-,-,-,-,-,-,-,-,-,-,-,-,-,-,-,-,3w 2d 3h 10m,-,-
EPA-2231,Bug,Approvals Success Message Not shown,Will Not Implement,2025-03-18 13:16,-,-,-,-,-,-,-,-,-,-,-,-,-,-,-,-,-,-,-,-,-,-,-,-,-,-,-,-,-,-,30m,-,1M 2w 1d 8h 54m
EPA-2230,Task,Front End Test Automation Project & Framework Creation,Completed,2025-03-17 14:37,-,-,-,2w 1d 12h 54m,-,-,-,5d 22h 55m,-,1m,-,-,-,-,2w 6d 22h 18m,-,-,-,-,-,-,-,-,-,-,-,-,-,-,-,3d 21h 54m,-,-
EPA-2229,Task,OpenApi Generator Schema - WH-Interchange-ID parameter configuration,Completed,2025-03-17 13:32,-,-,-,1M 0w 2d 15h 7m,-,-,-,-,-,4d 0h 49m,-,-,-,-,-,-,-,-,-,-,-,-,-,-,-,-,-,-,-,-,1w 2d 17h 12m,-,-
EPA-2228,Task,Language changes support,Completed,2025-03-17 08:24,-,-,-,1M 2w 0d 11h 19m,-,-,-,21h 46m,-,1m,-,-,-,-,-,-,-,-,-,-,-,-,-,-,-,-,-,1d 3h 35m,-,-,1h 36m,-,-
EPA-2227,Task,Major Release: Regression Testing,Completed,2025-03-14 16:46,-,-,-,1M 0w 1d 14h 0m,-,-,-,-,-,-,-,-,-,-,-,-,-,-,-,-,-,-,-,-,-,-,-,22h 25m,-,-,2w 2d 17h 30m,-,-
EPA-2226,Story,BE - Expose Fraud Information for UI - ticket,Deployed to production,2025-03-14 10:41,-,-,-,-,2d 5h 37m,-,-,5d 20h 32m,0m,-,22h 58m,-,-,3d 22h 48m,1w 0d 2h 32m,-,8m,-,41m,1d 3h 20m,-,0m,-,-,-,-,-,4w 0d 5h 23m,-,-,0m,-,-
EPA-2225,Bug,Side Nav shows white space when zoomed out,Will Not Implement,2025-03-14 10:02,-,-,-,-,-,-,-,-,-,-,3h 2m,-,-,-,-,-,1w 3d 20h 21m,-,-,-,-,-,-,-,-,-,-,-,-,-,6d 4h 10m,-,1M 0w 2d 9h 5m
EPA-2224,Bug,Approval Lightbox overlaps with Global Nav,Deployed to production,2025-03-14 09:59,-,-,-,-,2d 2h 17m,-,-,6d 0h 58m,-,-,1w 6d 5h 8m,-,-,1w 2d 23h 27m,4d 21h 19m,-,0m,-,5d 17h 16m,23h 2m,-,-,-,-,-,-,-,10h 58m,-,-,6d 4h 15m,-,-
EPA-2223,Bug,LightBox Comments - User navigation ,Deployed to production,2025-03-13 09:09,-,-,-,-,2w 3d 10h 12m,-,-,1w 3d 23h 27m,-,-,4h 13m,-,-,1w 2d 23h 3m,-,-,-,-,2d 23h 36m,2d 19h 27m,-,-,-,-,-,-,-,1d 1h 51m,-,-,5d 3h 40m,-,-
EPA-2222,Bug,LightBox Users Full Name copy problem,Deployed to production,2025-03-13 08:07,-,-,-,-,4w 1d 9h 31m,-,-,1h 59m,-,-,36m,-,-,3d 0h 23m,3d 22h 21m,-,-,-,5d 2h 0m,16m,-,-,-,-,-,-,-,1w 0d 22h 24m,-,-,1d 3h 3m,-,-
EPA-2221,Bug,User should not be able to add more than 1 comment on an approval lightbox,Deployed to production,2025-03-12 10:38,-,-,-,-,1M 2w 0d 9h 25m,-,-,3d 23h 57m,-,-,3h 10m,-,-,47m,-,-,-,-,1d 22h 18m,48m,-,-,-,-,-,-,-,15m,-,-,23h 21m,-,-
EPA-2220,Bug,Approvals list banners messy on bigger font,Deployed to production,2025-03-10 11:17,-,-,-,-,2w 3d 10h 12m,-,-,4d 3h 59m,-,-,1d 3h 14m,-,-,21h 52m,17h 54m,-,0m,-,5d 19h 45m,29m,-,-,-,-,-,-,-,1w 6d 3h 4m,-,-,1w 3d 2h 54m,-,-
EPA-2219,Sub-task,QA Team functional test,Completed,2025-03-06 13:13,-,-,-,1M 1w 5d 10h 10m,-,-,-,-,-,-,-,-,-,-,-,-,-,-,-,-,-,-,-,-,-,-,-,-,-,-,2w 0d 23h 17m,-,0m
EPA-2218,Sub-task,Test case creation,Completed,2025-03-06 13:12,-,-,-,1M 1w 5d 10h 10m,-,-,-,-,-,-,-,-,-,-,-,-,-,-,-,-,-,-,-,-,-,-,-,-,-,-,2w 0d 23h 18m,-,-
EPA-2217,Bug,UX Defect paddings on mobile view,Deployed to production,2025-03-05 14:57,-,-,-,-,1M 1w 6d 6h 42m,-,-,22m,-,-,-,-,-,19h 56m,0m,-,-,-,-,3d 3h 54m,-,-,-,-,-,-,-,1w 3d 1h 27m,-,-,23h 21m,-,-
EPA-2216,Automation,BE Auto: Adding Fraud/Misuse test scenario for existing approval APIs,To Do,2025-03-05 12:40,-,-,-,-,-,-,-,-,-,-,-,-,-,-,-,-,-,-,-,-,-,-,-,-,-,-,-,-,-,-,1M 4w 0d 9h 59m,-,-
EPA-2215,Task,BE: fraud-service-parent - Add Cognito support,Completed,2025-03-05 11:05,-,-,-,1M 1w 6d 9h 13m,-,-,-,6d 21h 1m,-,-,2h 38m,-,-,-,1d 1h 52m,-,-,-,2h 37m,-,-,-,-,-,-,-,-,6d 22h 14m,-,-,0m,-,-
EPA-2214,Sub-task,FE - Endpoint respond to checkboxes,To Do,2025-03-05 10:18,-,-,-,-,-,-,-,-,-,-,-,-,-,-,-,-,-,-,-,-,-,-,-,-,-,-,-,-,-,-,1M 4w 0d 12h 22m,-,-
EPA-2213,Sub-task,BE - Enable Cog on Prod-Sandbox,To Do,2025-03-05 10:18,-,-,-,-,-,-,-,-,-,-,-,-,-,-,-,-,-,-,-,-,-,-,-,-,-,-,-,-,-,-,1M 4w 0d 12h 22m,-,-
EPA-2212,Story,Bite Sized Insights - Demo Cog,Ready for refinement,2025-03-05 10:17,-,-,-,-,-,-,-,-,-,-,-,-,-,-,-,-,1M 4w 0d 12h 23m,-,-,-,-,-,-,-,-,-,-,-,-,-,0m,-,-
EPA-2211,Story,BE: Consume recognition service,Peer Review,2025-03-05 08:52,-,-,-,-,-,-,-,1M 0w 5d 23h 2m,-,-,-,-,-,1w 1d 10h 33m,5d 3h 0m,-,0m,-,-,-,-,-,-,-,-,-,-,-,-,-,1w 2d 1h 13m,-,-
EPA-2210,Story,BE: add missing fields to Recognition Service endpoints (for Orion),Deployed to production,2025-03-05 08:39,-,-,-,-,1M 2w 0d 9h 39m,-,-,1w 5d 21h 48m,-,-,-,-,-,-,23h 12m,-,5h 56m,-,-,-,-,-,-,-,-,-,-,-,-,-,1h 27m,-,-
EPA-2209,Story,BE: Approvals - Support for Misuse/Fraud - List,Deployed to production,2025-03-05 08:08,-,-,-,-,2d 5h 37m,-,-,6d 23h 9m,0m,-,40m,-,-,-,1w 1d 0h 49m,-,1h 3m,-,8m,4m,-,0m,-,-,-,-,-,1M 1w 4d 5h 3m,-,-,1h 59m,-,-
EPA-2208,Defect,UX Review,Will Not Implement,2025-02-28 11:44,-,-,-,0m,-,-,-,-,-,2d 17h 38m,-,-,-,-,-,-,-,-,-,-,-,-,-,-,-,-,-,-,-,-,4h 49m,-,1M 4w 2d 12h 28m
EPA-2207,Task,OpsLevel support for Crescendo,Completed,2025-02-27 08:16,-,-,-,1M 2w 1d 9h 38m,-,-,-,-,-,4h 56m,-,-,-,-,-,-,-,-,-,-,-,-,-,-,-,-,-,-,-,-,2w 4d 23h 50m,-,-
EPA-2206,Story,FE: Recipient based Levels,Ready for refinement,2025-02-27 07:36,-,-,-,-,-,-,-,-,-,-,-,-,-,-,-,-,1M 2w 5d 12h 47m,-,-,-,-,-,-,-,-,-,-,-,-,-,2w 1d 2h 17m,-,-
EPA-2205,Story,BE: Recipient based Levels,Ready for refinement,2025-02-27 07:35,-,-,-,-,-,-,-,-,-,-,-,-,-,-,-,-,1M 2w 5d 12h 46m,-,-,-,-,-,-,-,-,-,-,-,-,-,2w 1d 2h 18m,-,-
EPA-2204,Story,BE - Expose Message to the Approve for Admins,Will Not Implement,2025-02-25 16:19,-,-,-,-,-,-,-,-,1m,-,-,-,-,-,-,-,4w 1d 0h 16m,-,-,-,-,-,-,-,-,-,-,-,-,-,0m,-,1M 1w 0d 6h 5m
EPA-2203,Technical Story,[FE] Passing down authData from wh-host,Deployed to production,2025-02-24 15:07,-,-,-,-,2d 2h 18m,-,-,2d 23h 30m,-,-,6h 7m,-,-,1M 2w 1d 22h 24m,-,-,-,-,21h 29m,1h 15m,-,-,-,-,-,-,-,1d 7h 38m,-,-,1w 6d 18h 52m,-,-
EPA-2202,Sub-task,RDS aurora TF changes,Completed,2025-02-24 13:27,-,-,-,2M 0w 4d 13h 46m,-,-,-,-,-,1d 19h 27m,-,-,-,-,-,-,-,-,-,-,-,-,-,-,-,-,-,-,-,-,0m,-,-
EPA-2201,Sub-task,QA Team functional test,Completed,2025-02-24 12:28,-,-,-,2M 0w 6d 7h 59m,-,-,-,-,-,2h 12m,-,-,-,-,-,-,-,-,-,-,-,-,-,-,-,-,-,-,-,-,0m,-,-
EPA-2200,Sub-task,Test case creation,Completed,2025-02-24 12:28,-,-,-,2M 0w 6d 7h 59m,-,-,-,-,-,2h 13m,-,-,-,-,-,-,-,-,-,-,-,-,-,-,-,-,-,-,-,-,0m,-,-
EPA-2176,Epic,Federate Access for 3 Admin Hub APIs,Will Not Implement,2025-02-21 17:21,-,-,-,-,-,-,-,-,-,-,-,-,-,-,-,-,-,-,-,-,-,-,-,-,-,-,-,-,-,-,3d 23h 27m,-,2M 0w 5d 5h 52m
EPA-2175,Story,Admin Hub Federated Access- Approval APIs (Surge Phase 2),Deployed to production,2025-02-21 13:29,-,-,-,-,1M 1w 6d 10h 54m,-,-,2w 1d 7h 13m,-,-,1h 15m,-,-,-,4d 18h 39m,-,-,-,1h 1m,4d 18h 34m,-,1d 0h 21m,-,-,-,-,-,23h 12m,-,-,2m,-,-
EPA-2174,Sub-task,QA Team functional test,Completed,2025-02-21 13:18,-,-,-,1M 1w 5d 10h 9m,-,-,-,-,-,-,-,-,-,-,-,-,-,-,-,-,-,-,-,-,-,-,-,-,-,-,3w 6d 23h 12m,-,-
EPA-2173,Sub-task,Test case creation,Completed,2025-02-21 13:18,-,-,-,2M 0w 4d 6h 49m,-,-,-,-,-,5d 2h 29m,-,-,-,-,-,-,-,-,-,-,-,-,-,-,-,-,-,-,-,-,4m,-,-
EPA-2172,Story,BE: Approval Lightbox - Message to the Approver,Deployed to production,2025-02-20 10:20,-,-,-,-,1M 3w 0d 15h 38m,-,-,3d 13h 31m,-,-,20h 40m,-,-,16h 14m,23h 59m,-,-,-,3d 23h 13m,22h 52m,-,-,-,-,-,-,-,1w 1d 19h 52m,-,-,21m,-,-
EPA-2171,Sub-task,kafka distribution config,Completed,2025-02-19 13:44,-,-,-,2M 0w 5d 10h 32m,-,-,-,-,-,5d 21h 31m,-,-,-,-,-,-,-,-,-,-,-,-,-,-,-,-,-,-,-,-,54m,-,-
EPA-2170,Sub-task,award balance in recognition account,Completed,2025-02-19 13:11,-,-,-,2M 0w 4d 8h 46m,-,-,-,-,-,1h 3m,-,-,-,-,-,-,-,-,-,-,-,-,-,-,-,-,-,-,-,-,6d 23h 41m,-,-
EPA-2169,Sub-task,kafka integration app,Completed,2025-02-19 13:10,-,-,-,2M 0w 4d 10h 13m,-,-,-,-,-,4h 11m,-,-,-,-,-,-,-,-,-,-,-,-,-,-,-,-,-,-,-,-,6d 19h 5m,-,-
EPA-2168,Sub-task,scheduled jobs,Completed,2025-02-19 13:10,-,-,-,2M 0w 4d 14h 25m,-,-,-,-,-,4d 17h 42m,-,-,-,-,-,-,-,-,-,-,-,-,-,-,-,-,-,-,-,-,2d 1h 23m,-,-
EPA-2167,Sub-task,award balance in main AWS account,Completed,2025-02-19 13:10,-,-,-,2M 0w 4d 14h 25m,-,-,-,-,-,4d 17h 42m,-,-,-,-,-,-,-,-,-,-,-,-,-,-,-,-,-,-,-,-,2d 1h 23m,-,-
EPA-2166,Sub-task,integration app,Completed,2025-02-19 13:09,-,-,-,2M 0w 5d 10h 31m,-,-,-,-,-,1d 1h 13m,-,-,-,-,-,-,-,-,-,-,-,-,-,-,-,-,-,-,-,4d 21h 42m,5m,-,-
EPA-2165,Sub-task,QA Team functional test,Completed,2025-02-19 12:05,-,-,-,2M 0w 2d 11h 58m,-,-,-,-,-,16h 59m,-,-,-,-,-,-,-,-,-,-,-,-,-,-,-,-,-,-,-,-,1w 1d 5h 38m,-,-
EPA-2164,Sub-task,Test case creation,Completed,2025-02-19 12:04,-,-,-,2M 0w 3d 4h 56m,-,-,-,-,-,1w 1d 5h 38m,-,-,-,-,-,-,-,-,-,-,-,-,-,-,-,-,-,-,-,-,1m,-,-
EPA-2163,Spike,Investigate Re-purposing Approvals to use Program Management Service for available levels ,Completed,2025-02-19 10:26,-,-,-,2M 0w 5d 8h 55m,-,-,-,-,-,6h 20m,-,-,-,-,-,-,-,-,-,-,-,-,-,-,-,-,-,-,-,-,5d 20h 58m,-,-
EPA-2162,Epic,Bite Sized Insights - Top Performers Insights (Approvals),PAUSED,2025-02-18 15:14,-,-,-,-,-,-,-,-,-,-,-,-,2d 13h 25m,-,-,-,-,-,-,-,-,-,-,-,-,-,-,-,-,-,2M 1w 2d 18h 0m,-,-
EPA-2161,Epic,Bite Sized Insights - Skills Count (Approvals),PAUSED,2025-02-18 15:14,-,-,-,-,-,-,-,-,-,-,-,-,2d 13h 25m,-,-,-,-,-,-,-,-,-,-,-,-,-,-,-,-,-,2M 1w 2d 18h 1m,-,-
EPA-2160,Epic,Workhuman iQ Snapshots - Influencers ,Researching,2025-02-18 15:13,-,-,-,-,-,-,-,-,-,-,-,-,-,-,-,-,-,-,-,-,-,-,-,-,-,2M 1w 5d 7h 10m,-,-,-,-,16m,-,-
EPA-2159,Epic,Bite Sized Insights - Recognition Patterns (Approvals),PAUSED,2025-02-18 15:13,-,-,-,-,-,-,-,-,-,-,-,-,2d 13h 26m,-,-,-,-,-,-,-,-,-,-,-,-,2M 1w 2d 17h 44m,-,-,-,-,17m,-,-
EPA-2158,Epic,Bite Sized Insights - Retention Curve (Approvals),Released,2025-02-18 15:11,-,-,-,-,-,-,-,-,-,-,-,0m,-,-,-,-,-,-,-,-,-,-,-,-,1w 3d 11h 10m,2M 0w 1d 20h 0m,-,-,-,-,18m,-,-
EPA-2157,Automation,Automation - Add new checks to existing automation tests for invalid accept-language test for business API's and channel API's,Completed,2025-02-18 11:47,-,-,-,1M 4w 0d 12h 40m,-,-,-,-,-,1w 4d 4h 4m,-,-,-,17h 31m,-,-,-,-,-,-,-,-,-,-,-,-,-,-,-,-,3d 0h 39m,-,-
EPA-2156,Story,Approval - delete comments,Ready for refinement,2025-02-18 10:08,-,-,-,-,-,-,-,-,-,-,-,-,-,-,-,-,4w 1d 13h 39m,-,-,-,-,-,-,-,-,-,-,-,-,-,2w 6d 5h 34m,-,3w 2d 17h 19m
EPA-2155,Story,Approval - edit comments,Ready for refinement,2025-02-18 10:08,-,-,-,-,-,-,-,-,-,-,-,-,-,-,-,-,4w 1d 13h 39m,-,-,-,-,-,-,-,-,-,-,-,-,-,2w 6d 5h 34m,-,3w 2d 17h 19m
EPA-2154,Story,Approval - View more comments,Ready for refinement,2025-02-18 10:07,-,-,-,-,-,-,-,-,-,-,-,-,-,-,-,-,4w 1d 13h 39m,-,-,-,-,-,-,-,-,-,-,-,-,-,1M 0w 6d 6h 30m,-,1w 0d 16h 24m
EPA-2153,Story,Approval - Comment Timestamps,Ready for refinement,2025-02-18 10:07,-,-,-,-,-,-,-,-,-,-,-,-,-,-,-,-,4w 1d 13h 38m,-,-,-,-,-,-,-,-,-,-,-,-,-,1M 0w 6d 6h 30m,-,1w 0d 16h 25m
EPA-2152,Technical Story,[FE] Mock WHiQ components in mock dev mode ,Deployed to production,2025-02-18 09:27,-,-,-,-,2M 0w 6d 7h 13m,-,-,2d 4h 5m,-,-,-,-,-,-,-,-,-,-,-,-,-,-,-,-,-,-,-,4d 1h 35m,-,-,20m,-,-
EPA-2151,Story,FE: Use correct display of nomination value in lightbox,Deployed to production,2025-02-17 12:53,-,-,-,-,2M 0w 4d 8h 8m,-,-,5h 0m,-,-,5h 35m,-,-,39m,3d 21h 26m,-,1d 0h 39m,-,18h 48m,20h 37m,-,-,-,-,-,-,-,3h 46m,-,-,1d 21h 9m,-,-
EPA-2150,Story,Lightbox - Award Management - Approval Chain not available at 320px,Will Not Implement,2025-02-17 12:48,-,-,-,-,0m,-,2m,-,-,-,-,-,-,-,-,-,5h 48m,-,-,-,-,-,-,-,-,-,-,-,-,-,1d 22h 26m,-,2M 1w 4d 5h 36m
EPA-2149,Sub-task,Local testing,Completed,2025-02-17 09:58,-,-,-,1M 3w 5d 14h 57m,-,-,-,-,-,18h 46m,-,-,-,-,-,-,-,-,-,-,-,-,-,-,-,-,-,-,-,-,2w 3d 2h 59m,-,-
EPA-2148,Sub-task,Check/add S2S configs,Completed,2025-02-17 09:57,-,-,-,1M 3w 0d 12h 45m,-,-,-,-,-,2w 6d 20h 4m,-,-,-,-,-,-,-,-,-,-,-,-,-,-,-,-,-,-,-,-,2d 3h 55m,-,-
EPA-2147,Sub-task,Create configs in IQ service to call recognition-service (/recognitions endpoint) ,Completed,2025-02-17 09:53,-,-,-,1M 3w 5d 14h 58m,-,-,-,-,-,2w 1d 17h 51m,-,-,-,-,-,-,-,-,-,-,-,-,-,-,-,-,-,-,-,-,2d 3h 58m,-,-
EPA-2146,Sub-task,Create endpoint and models,Completed,2025-02-17 09:51,-,-,-,1M 3w 5d 14h 58m,-,-,-,-,-,2w 3d 21h 51m,-,-,-,-,-,-,-,-,-,-,-,-,-,-,-,-,-,-,-,-,0m,-,-
EPA-2145,Technical Story,[FE] Automate Jira release creation,To Do,2025-02-16 18:51,-,-,-,-,-,-,-,-,-,-,-,-,-,-,-,-,-,-,-,-,-,-,-,-,-,-,-,-,-,-,2M 2w 0d 3h 49m,-,-
EPA-2144,Story,FE: Pass user language to endpoints,Deployed to production,2025-02-14 14:47,-,-,-,-,2M 0w 6d 7h 13m,-,-,0m,-,-,2d 22h 59m,-,-,23h 21m,1d 1h 5m,-,-,-,44m,1d 19h 35m,-,-,-,-,-,-,-,5h 21m,-,-,2d 23h 35m,-,-
EPA-2143,Story,BE: Validate the passed user language,Deployed to production,2025-02-14 14:45,-,-,-,-,2M 1w 3d 8h 31m,-,-,0m,14m,-,-,-,-,-,2d 0h 36m,4h 0m,-,-,-,-,-,1h 32m,-,-,-,-,-,19h 51m,-,-,2d 21h 10m,-,-
EPA-2142,Story,[FE] Replace initial loader with skeleton ,Deployed to production,2025-02-14 06:55,-,-,-,-,2M 0w 6d 7h 13m,-,-,4d 1h 2m,-,-,1h 16m,-,-,1h 11m,0m,-,-,-,1h 1m,2h 12m,-,-,-,-,-,-,-,6d 1h 1m,-,-,48m,-,-
EPA-2141,Sub-task,FE: Update My Approvals app base on new disapproval reason component,Completed,2025-02-13 09:58,-,-,-,2M 2w 3d 7h 21m,-,-,-,-,-,2h 17m,-,-,-,14m,-,-,-,-,-,-,-,-,-,-,-,-,-,-,-,-,2h 49m,-,-
EPA-2140,Sub-task,FE: Update disapprove reason lightbox toolkit component,Completed,2025-02-13 09:57,-,-,-,2M 2w 3d 10h 7m,-,-,-,-,-,1h 4m,-,-,-,1h 32m,-,-,-,-,-,-,-,-,-,-,-,-,-,-,-,-,0m,-,-
EPA-2139,Story,FE: Add language support for Disapproval reason,Deployed to production,2025-02-13 09:48,-,-,-,-,2M 1w 2d 13h 59m,-,-,5h 34m,-,-,2d 22h 17m,-,-,-,-,-,-,-,20h 0m,1d 0h 30m,-,-,-,-,-,-,-,2d 22h 31m,-,-,1m,-,-
EPA-2138,Technical Story,Sunset ABS,Deployed to production,2025-02-12 17:27,-,-,-,-,2M 0w 4d 8h 46m,-,-,1d 1h 22m,-,-,-,-,-,-,-,-,6d 19h 36m,-,-,-,-,33m,-,-,-,-,-,5d 22h 55m,-,-,2m,-,-
EPA-2137,Story,Approval lightbox - soft cap indicator,To Do,2025-02-12 17:24,-,-,-,-,-,-,-,-,-,-,-,-,-,-,-,-,-,-,-,-,-,-,-,-,-,-,-,-,-,-,2M 2w 4d 5h 16m,-,-
EPA-2136,Story,Approval lightbox - Approval Chain Soft Cap update,To Do,2025-02-12 17:24,-,-,-,-,-,-,-,-,-,-,-,-,-,-,-,-,-,-,-,-,-,-,-,-,-,-,-,-,-,-,2M 2w 4d 5h 16m,-,-
EPA-2135,Story,Approval Card - Grouping Approval tickets for Soft Caps,To Do,2025-02-12 17:23,-,-,-,-,-,-,-,-,-,-,-,-,-,-,-,-,-,-,-,-,-,-,-,-,-,-,-,-,-,-,2M 2w 4d 5h 16m,-,-
EPA-2134,Story,Approval Card - Soft Spend Caps Display,To Do,2025-02-12 17:23,-,-,-,-,-,-,-,-,-,-,-,-,-,-,-,-,-,-,-,-,-,-,-,-,-,-,-,-,-,-,2M 2w 4d 5h 17m,-,-
EPA-2133,Story,Approval Lightbox - Spend Cap Warning,Ready for refinement,2025-02-12 17:15,-,-,-,-,-,-,-,-,-,-,-,-,-,-,-,-,2M 2w 4d 5h 15m,-,-,-,-,-,-,-,-,-,-,-,-,-,9m,-,-
EPA-2132,Story,Approval Card - Spend Cap Indicator,Ready for refinement,2025-02-12 17:14,-,-,-,-,-,-,-,-,-,-,-,-,-,-,-,-,2M 2w 4d 5h 16m,-,-,-,-,-,-,-,-,-,-,-,-,-,10m,-,-
EPA-2131,Story,Approval Cards - Spend Guidance ,To Do,2025-02-12 17:06,-,-,-,-,-,-,-,-,-,-,-,-,-,-,-,-,-,-,-,-,-,-,-,-,-,-,-,-,-,-,2M 2w 4d 5h 34m,-,-
EPA-2130,Story,Approval Lightbox - Fraud Alert,Deployed to production,2025-02-12 16:54,-,-,-,-,2w 3d 10h 13m,-,-,2d 9h 22m,-,-,1d 5h 3m,-,-,5d 15h 10m,4d 19h 38m,-,4w 0d 20h 37m,-,6d 23h 50m,48m,-,-,-,-,-,-,-,4d 20h 35m,-,-,1w 0d 0h 29m,-,-
EPA-2129,Automation,Auto BE: Adding new use case for emoji and non-Latin characters in Ticket Details and Ticket List Channel APIs,Completed,2025-02-12 16:45,-,-,-,2M 2w 2d 9h 51m,-,-,-,-,-,1d 19h 51m,-,-,-,-,-,-,-,-,-,-,-,-,-,-,-,-,-,-,-,-,13m,-,-
EPA-2128,Story,Approval Cards - Fraud Alert,Deployed to production,2025-02-12 16:45,-,-,-,-,2w 3d 10h 13m,-,-,1w 2d 22h 27m,-,-,4d 19h 9m,-,-,3d 2h 40m,1w 2d 1h 53m,-,1w 6d 17h 41m,-,1w 2d 5h 49m,1h 1m,-,-,-,-,-,-,-,4d 20h 33m,-,-,1w 0d 0h 29m,-,-
EPA-2127,Story,Approval Lightbox - Spend Guidance,To Do,2025-02-12 16:40,-,-,-,-,-,-,-,-,-,-,-,-,-,-,-,-,-,-,-,-,-,-,-,-,-,-,-,-,-,-,2M 2w 4d 6h 0m,-,-
EPA-2126,Technical Story,Error Handling for Approvals Application,To Do,2025-02-12 16:18,-,-,-,-,-,-,-,-,-,-,-,-,-,-,-,-,-,-,-,-,-,-,-,-,-,-,-,-,-,-,2M 2w 4d 6h 22m,-,-
EPA-2125,Bug,Accessibility - Incorrect Heading Hierarchy (Enhancement),Deployed to production,2025-02-12 15:01,-,-,-,-,2w 1d 6h 44m,-,-,6d 7h 57m,-,-,3d 2h 53m,-,-,1w 1d 18h 51m,3w 4d 21h 34m,-,2w 1d 20h 36m,-,2d 23h 21m,23h 3m,-,-,-,-,-,-,-,2h 41m,-,-,0m,-,-
EPA-2124,Spike,Update Approvals App to use Recognition Service,Completed,2025-02-12 14:53,-,-,-,1M 3w 0d 12h 32m,-,-,-,-,-,1w 5d 0h 48m,-,-,-,-,-,-,21h 52m,-,-,-,-,-,-,-,-,-,-,-,-,-,2w 0d 20h 35m,-,-
EPA-2123,Story,FE: Request Smartling translations,Deployed to production,2025-02-12 13:42,-,-,-,-,1w 4d 14h 30m,-,-,1w 1d 2h 26m,4d 23h 9m,-,-,-,-,21h 31m,4d 23h 55m,-,4d 21h 10m,-,-,-,-,-,-,-,-,-,-,-,-,-,1M 1w 6d 22h 17m,-,-
EPA-2122,Bug,Approvals - Award Messages showing Invalid characters,Deployed to production,2025-02-12 13:00,-,-,-,-,2M 2w 3d 8h 30m,-,-,0m,-,-,17h 55m,-,-,-,-,-,-,-,43m,1h 35m,-,1h 2m,-,-,-,-,-,2h 18m,-,-,1h 38m,-,-
EPA-2121,Sub-task,FE: Adding aria label,Completed,2025-02-12 09:48,-,-,-,2M 2w 3d 16h 30m,-,-,-,-,-,17m,-,-,-,20h 5m,-,-,-,-,-,-,-,-,-,-,-,-,-,-,-,-,0m,-,-
EPA-2120,Sub-task,Translations,Completed,2025-02-12 09:47,-,-,-,2M 1w 3d 11h 56m,-,-,-,-,-,1w 0d 22h 32m,-,-,-,-,-,-,-,-,-,-,-,-,-,-,-,-,-,-,-,2h 25m,0m,-,-
EPA-2119,Story,FE: Show Pill data for nomination with zero amount,Deployed to production,2025-02-11 13:59,-,-,-,-,2M 1w 2d 13h 59m,-,-,0m,-,-,1h 9m,-,-,0m,-,-,-,-,22h 8m,5d 16h 0m,-,-,-,-,-,-,-,2d 22h 32m,-,-,4h 53m,-,-
EPA-2118,Technical Story,[FE] Manage micro-frontend caching,Deployed to production,2025-02-11 12:43,-,-,-,-,2M 1w 2d 13h 59m,-,-,15m,-,-,2d 3h 22m,-,-,16m,-,-,-,-,-,3d 21h 23m,-,-,-,-,-,-,-,3d 18h 37m,-,-,4m,-,-
EPA-2117,Story,FE-Request Smartling translations for Change value- My approvals,Deployed to production,2025-02-11 11:15,-,-,-,-,2M 0w 2d 9h 17m,-,-,23h 33m,-,5d 0h 30m,6h 8m,-,-,-,-,-,-,-,23h 19m,1h 21m,-,-,-,-,-,-,-,1w 1d 22h 27m,-,-,20h 49m,-,-
EPA-2116,Story,My Approvals - Redirect for JSP Clients,Deployed to production,2025-02-11 09:49,-,-,-,-,2M 1w 2d 13h 59m,-,-,21h 44m,-,-,9h 41m,-,-,17h 7m,6h 24m,-,-,-,2d 18h 21m,23h 6m,-,-,-,-,-,-,-,3d 22h 29m,-,-,0m,-,-
EPA-2115,Bug,[UI Defect] Fixes on the Fallback Approval Modal,Deployed to production,2025-02-10 19:59,-,-,-,-,2M 1w 2d 13h 59m,-,-,20h 59m,-,-,1d 9h 49m,-,-,-,-,-,-,-,3d 17h 47m,-,-,-,-,-,-,-,-,3d 22h 29m,-,-,13h 37m,-,-
EPA-2114,Bug,[UI Defect] Fixes on the Skills Chart Approval Modal,Deployed to production,2025-02-10 19:43,-,-,-,-,2M 1w 2d 13h 59m,-,-,21h 9m,-,-,2d 6h 15m,-,-,-,-,-,-,-,2d 21h 11m,-,-,-,-,-,-,-,-,3d 22h 29m,-,-,13h 52m,-,-
EPA-2113,Bug,Approvals Skills Insight - Showing just 2 skills highlighted,Will Not Implement,2025-02-10 18:26,-,-,-,-,-,-,-,3w 1d 1h 26m,-,-,0m,-,-,-,14h 16m,-,-,-,-,-,-,-,-,-,-,-,-,-,-,-,0m,-,1M 4w 0d 12h 31m
EPA-2112,Bug,Approver cannot add congratulations during approval step in Spark sandbox,Deployed to production,2025-02-05 16:24,-,-,-,-,1M 0w 1d 12h 24m,-,-,-,-,-,-,-,-,-,-,-,-,-,-,-,-,-,-,-,-,-,-,-,-,-,1M 3w 1d 18h 30m,1d 23h 22m,-
EPA-2111,Bug,Approval delegate left hand nav not updated in Spark sandbox,Done,2025-02-05 20:59,-,-,-,-,-,2M 2w 6d 4h 18m,-,-,-,-,-,-,-,-,-,-,-,-,-,-,-,-,-,-,-,-,-,-,-,-,3d 2h 36m,1d 18h 47m,-
EPA-2110,Sub-task,Preprod Testing: Get comments endpoint,Completed,2025-02-10 11:35,-,-,-,2M 1w 3d 10h 12m,-,-,-,-,-,37m,-,-,-,-,-,-,-,-,-,-,-,-,-,-,-,-,-,-,-,-,1w 3d 0h 16m,-,-
EPA-2109,Sub-task,Team Testing: Get comments endpoint,Completed,2025-02-10 11:35,-,-,-,2M 1w 4d 10h 18m,-,-,-,-,-,12m,-,-,-,-,-,-,-,-,-,-,-,-,-,-,-,-,-,-,-,-,1w 2d 0h 35m,-,-
EPA-2108,Sub-task,Automation: Get comments endpoint,Completed,2025-02-10 11:34,-,-,-,2M 1w 4d 10h 12m,-,-,-,-,-,2d 0h 12m,-,-,-,6m,-,-,-,-,-,-,-,-,-,-,-,-,-,-,-,-,1w 0d 0h 36m,-,-
EPA-2107,Sub-task,Test Case Creation: Get comments endpoint,Completed,2025-02-10 11:34,-,-,-,2M 1w 6d 10h 30m,-,-,-,-,-,2d 21h 27m,-,-,-,-,-,-,-,-,-,-,-,-,-,-,-,-,-,-,-,-,4d 3h 10m,-,-
EPA-2106,Sub-task,Automation: Preprod testing comments endpoint,Completed,2025-02-10 11:33,-,-,-,2M 1w 3d 10h 7m,-,-,-,-,-,42m,-,-,-,-,-,-,-,-,-,-,-,-,-,-,-,-,-,-,-,-,1w 3d 0h 19m,-,-
EPA-2105,Sub-task,Automation: Team testing comments endpoint,Completed,2025-02-10 11:32,-,-,-,2M 1w 4d 12h 15m,-,-,-,-,-,18h 2m,-,-,-,-,-,-,-,-,-,-,-,-,-,-,-,-,-,-,-,-,1w 1d 4h 50m,-,-
EPA-2104,Sub-task,Automation: Create comments endpoint,Completed,2025-02-10 11:32,-,-,-,2M 1w 4d 10h 10m,-,-,-,-,-,1d 3h 29m,-,-,-,20h 7m,-,-,-,-,-,-,-,-,-,-,-,-,-,-,-,-,1w 0d 1h 21m,-,-
EPA-2103,Sub-task,Test Case Creation: Create comments endpoint,Completed,2025-02-10 11:31,-,-,-,2M 1w 6d 9h 47m,-,-,-,-,-,6d 0h 1m,-,-,-,-,-,-,-,-,-,-,-,-,-,-,-,-,-,-,-,-,1d 1h 21m,-,-
EPA-2102,Bug,Approvals counter not updating after approval,Deployed to production,2025-02-10 10:13,-,-,-,-,2M 0w 6d 7h 14m,-,-,6d 0h 47m,-,-,1h 4m,-,-,2d 2h 19m,-,-,20h 2m,-,3d 22h 57m,21h 13m,-,0m,-,-,-,-,-,5h 20m,-,-,3h 31m,-,-
EPA-2101,Bug,Approvals page blank again in Spark sandbox,Deployed to production,2025-02-06 15:18,-,-,-,-,2M 2w 4d 11h 55m,-,-,5h 8m,18h 49m,-,-,-,-,-,-,-,16h 18m,-,-,-,-,-,-,-,-,-,-,-,-,-,3d 3h 5m,1d 0h 7m,-
EPA-2100,Bug,CLONE - My Approvals (Surge): Incorrect Heading Hierarchy (incl error dialog),Will Not Implement,2025-02-07 12:26,-,1h 49m,-,-,-,-,-,-,-,-,-,-,-,-,-,-,-,-,-,-,1h 14m,-,-,-,-,-,-,-,-,-,-,0m,2M 3w 2d 7h 12m
EPA-2099,Story,FE: Disapprove reason modal,Will Not Implement,2025-02-07 11:28,-,-,-,-,-,-,-,-,-,-,-,-,-,-,-,-,-,-,-,-,-,-,-,-,-,-,-,-,-,-,5d 0h 44m,3h 57m,2M 2w 4d 6h 30m
EPA-2097,Technical Story,Approvals - Connect Program Management endpoint for Soli Calculation,Ready for refinement,2025-02-05 14:39,-,-,-,-,-,-,-,-,-,-,-,-,-,-,-,-,2M 3w 2d 7h 10m,-,-,-,-,-,-,2d 0h 49m,-,-,-,-,-,-,-,2m,-
EPA-2096,Technical Story,Program Management - Add endpoint for Approval Spend Check Soli,Will Not Implement,2025-02-05 14:35,-,-,-,-,-,-,-,-,-,-,-,-,-,-,-,-,1M 2w 3d 1h 13m,-,-,-,-,-,-,2d 0h 49m,-,-,-,-,-,-,-,6m,1M 1w 0d 5h 58m
EPA-2095,Story,FE: Update colors of lightbox buttons,Deployed to production,2025-02-05 13:28,-,-,1h 51m,-,2M 2w 3d 14h 47m,-,-,-,-,30m,-,-,-,-,-,-,-,22h 31m,3d 1h 58m,-,1d 1h 3m,-,-,-,-,-,-,2d 14h 26m,-,1m,-,5m,-
EPA-2094,Sub-task,QA - Team Testing,Will Not Implement,2025-02-05 12:31,-,1d 5h 13m,-,-,-,-,-,-,-,21h 44m,-,-,-,-,-,-,-,-,-,-,-,-,-,-,-,-,-,-,-,-,-,0m,2M 3w 2d 7h 12m
EPA-2093,Sub-task,QA Team functional test,Completed,2025-02-05 10:35,-,-,-,2M 1w 6d 11h 12m,-,-,-,-,-,-,-,-,-,-,-,-,-,-,-,-,-,-,-,-,-,-,-,-,-,-,1w 2d 20h 3m,2d 4h 50m,-
EPA-2092,Sub-task,Test case creation,Completed,2025-02-05 10:35,-,-,-,2M 1w 6d 11h 12m,-,-,-,-,-,1w 5d 0h 53m,-,-,-,-,-,-,-,-,-,-,-,-,-,-,-,-,-,-,-,-,-,0m,-
EPA-2091,Bug,Approve All - Incorrectly approving more than selected,Deployed to production,2025-02-05 10:33,-,-,-,-,2M 0w 4d 8h 8m,-,-,1d 4h 54m,-,-,2h 17m,-,-,17h 33m,6d 22h 8m,-,1w 2d 18h 45m,-,10m,3h 20m,-,-,-,2d 4h 56m,-,-,-,1h 55m,-,-,-,0m,-
EPA-2090,Sub-task,QA Team functional test,Completed,2025-02-05 10:29,-,-,-,2M 3w 2d 8h 43m,-,-,-,-,-,-,-,-,-,-,-,-,-,-,-,-,-,-,-,-,-,-,-,-,-,2d 0h 4m,-,3h 24m,-
EPA-2089,Story,Approval Card - Pagination Issue,Deployed to production,2025-02-05 10:17,-,-,1m,-,2M 1w 2d 13h 59m,-,-,-,-,-,3d 0h 31m,-,-,1d 14h 7m,-,-,-,-,7h 18m,35m,2h 21m,-,-,14m,-,-,-,1w 1d 18h 43m,2d 2h 17m,-,-,17m,-
EPA-2088,Story,Approval Card - Generic Confirmation Screen Updates,Deployed to production,2025-02-05 10:15,-,-,-,-,2M 2w 3d 14h 47m,-,-,-,-,2h 59m,30m,-,-,-,-,-,-,-,3d 1h 29m,-,1d 1h 36m,-,-,26m,-,-,-,2d 14h 26m,22h 39m,1h 25m,-,6m,-
EPA-2087,Story, Fallback Insights - Redesign,Deployed to production,2025-02-05 10:13,-,-,-,-,2M 1w 2d 14h 0m,-,-,2d 23h 49m,-,1d 3h 24m,21h 53m,-,-,17h 28m,-,-,-,-,7h 18m,-,-,-,-,11m,-,-,-,1w 1d 18h 43m,1d 1h 21m,-,-,21m,-
EPA-2086,Story,Approval Page - Remove Insights/Confirmation Screens,Deployed to production,2025-02-05 09:55,-,-,1h 28m,-,2M 2w 3d 14h 48m,-,-,-,-,6m,-,-,-,-,-,-,-,1h 38m,3d 1h 56m,-,4h 32m,-,-,35m,-,-,-,2d 14h 27m,1d 20h 59m,2m,-,14m,-
EPA-2085,Story,Approval Card - Use Terra Pill Component,Deployed to production,2025-02-05 09:36,-,-,-,-,2M 1w 2d 14h 0m,-,-,4d 14h 42m,-,2h 24m,1d 0h 17m,-,-,8h 7m,0m,-,2d 0h 0m,-,2h 41m,3d 21h 3m,-,-,-,1h 10m,-,-,-,1d 18h 21m,2d 2h 19m,-,-,0m,-
EPA-2084,Technical Story,BE - Get Comments,Deployed to production,2025-02-04 13:44,-,-,-,-,2M 1w 3d 8h 31m,-,-,4h 11m,38m,-,4d 21h 49m,-,-,-,5d 18h 33m,3h 30m,-,-,-,1d 0h 30m,-,1h 40m,-,3m,-,-,-,19h 52m,3d 1h 39m,-,-,1m,-
EPA-2083,Technical Story,BE - Create Comments,Deployed to production,2025-02-04 13:43,-,-,-,-,2M 1w 3d 8h 31m,-,-,1w 0d 0h 6m,42m,1d 5h 0m,1d 23h 38m,-,-,-,-,3h 30m,-,-,-,2d 21h 17m,-,1h 35m,-,2m,-,-,-,19h 51m,1d 20h 41m,-,-,4m,-
EPA-2082,Story,Approve All - Count of Approvals,Deployed to production,2025-02-04 12:02,-,-,-,-,2M 0w 3d 11h 5m,-,-,8m,-,-,2h 34m,-,-,2h 12m,6d 21h 22m,-,1w 2d 18h 45m,-,2d 20h 9m,1h 10m,-,-,-,3d 2h 33m,-,-,-,1h 47m,-,-,-,55m,-
EPA-2081,Bug,500 error if spend is disabled (no spend strategy) for level,Deployed to production,2025-02-04 11:18,-,-,-,-,2M 3w 2d 7h 11m,-,-,-,-,13h 52m,-,-,-,-,-,-,-,-,-,-,-,-,-,-,2d 3h 49m,-,-,-,-,3h 32m,-,6h 57m,-
EPA-2080,Sub-task,Test case creation,Completed,2025-02-04 09:32,-,-,-,2M 3w 5d 6h 17m,-,-,-,-,-,6h 51m,-,-,-,-,-,-,-,-,-,-,-,-,-,-,-,-,-,-,-,-,-,0m,-
EPA-2079,Task,[FE] Add typescript check into precommit and CI pipeline,Done,2025-02-03 15:01,-,-,18h 18m,-,-,2M 2w 6d 16h 7m,-,-,-,23h 26m,-,-,-,-,-,-,-,2d 6h 44m,-,-,-,-,-,-,-,-,0m,-,-,2d 15h 4m,-,1m,-
